FK,KD_JENIS_TRANSAKSI,FG_PENGGANTI,NOMOR_FAKTUR,MASA_PAJAK,TAHUN_PAJAK,TANGGAL_FAKTUR,NPWP,NAMA,ALAMAT_LENGKAP,JUMLAH_DPP,JUMLAH_PPN,JUMLAH_PPNBM,ID_KETERANGAN_TAMBAHAN,FG_UANG_MUKA,UANG_MUKA_DPP,UANG_MUKA_PPN,UANG_MUKA_PPNBM,REFERENSI
LT,NPWP,NAMA,JALAN,BLOK,NOMOR,RT,RW,KECAMATAN,KELURAHAN,KABUPATEN,PROPINSI,KODE_POS,NOMOR_TELEPON,,,,,
OF,KODE_OBJEK,NAMA,HARGA_SATUAN,JUMLAH_BARANG,HARGA_TOTAL,DISKON,DPP,PPN,TARIF_PPNBM,PPNBM,,,,,,,,
FK,01,0,0171734018730,07,2017,25/07/2017,803610096011000,BERDIKARI. UD,Sudirman  Blok: 2 Nomor: 2 RT: 22 RW: 22 Kel: CIGONDEWAH KALER Kec: BANDUNG KULON Kota/Kab: KOTA BANDUNG Bandung JAWA BARAT,120000000,12000000,0,,0,0,0,0,INV/2017/0026
FAPR,My Company,  Blok:  Nomor:  RT:  RW:  Kel:  Kec:  Kota/Kab:   ,,,,,,,,,,,,,,,,
OF,,Jasa,120000000.0,1.0,120000000.0,0,120000000.0,12000000.0,0,0,,,,,,,,
